{
  "": [
    {
      "text": "I will hazard a prediction. When you are 80 years old, and in a quiet moment of reflection narrating for only yourself the most personal version of your life story, the telling that will be most compact and meaningful will be the series of choices you have made. In the end, we are our choices. Build yourself a great story.",
      "author": "Jeff Bezos",
      "title": "What Matters More Than Your Talents",
      "more": "https://jamesclear.com/great-speeches/what-matters-more-than-your-talents-by-jeff-bezos"
    },
    {
      "text": "So, one of the things that's interesting is one of the biggest casualties with heartbreak and disappointment and failure and our struggle, is not just the loss of trust with other people, but the loss of self trust. When something hard happens in our lives, the first thing we say is \"I can't trust myself. I was so stupid. I was so naive.\"",
      "author": "Brené Brown",
      "title": "The Anatomy of Trust",
      "more": "https://jamesclear.com/great-speeches/the-anatomy-of-trust-by-brene-brown"
    },
    {
      "text": "You know, when Video Arts asked me if I'd like to talk about creativity I said “no problem!” No problem! Because telling people how to be creative is easy, it's only being it that's difficult.",
      "author": "John Cleese",
      "title": "Creativity in Management",
      "more": "https://jamesclear.com/great-speeches/creativity-in-management-by-john-cleese"
    },
    {
      "text": "",
      "author": "",
      "title": "",
      "more": ""
    }
  ]
}